<?xml version="1.0" encoding="UTF-8"?>

<Cryptor-Languages>
  <Languages>
    <Language id="en">English</Language>
    <Language id="de">Deutsch</Language>
  </Languages>
  <Entry id="DIALOG_DATABASE_SAVE_SUCCESS_1">
    <Language id="en">File</Language>
    <Language id="de">Die Datei</Language>
  </Entry>
  <Entry id="DIALOG_DATABASE_SAVE_SUCCESS_2">
    <Language id="en">successfully saved.</Language>
    <Language id="de">wurde erfolgreich gespeichert.</Language>
  </Entry>
  <Entry id="BTN_DATA_CANCEL">
    <Language id="en">Cancel</Language>
    <Language id="de">Abbrechen</Language>
  </Entry>
  <Entry id="BTN_DATA_NEW">
    <Language id="en">New Dataset</Language>
    <Language id="de">Neuer Datensatz</Language>
  </Entry>
  <Entry id="MENU_FILE_SAVE_AS">
    <Language id="en">Save as XML</Language>
    <Language id="de">Speichere als XML-Datei</Language>
  </Entry>
  <Entry id="TXT_DATA_HOMEPAGE">
    <Language id="en">Homepage</Language>
    <Language id="de">Webseite</Language>
  </Entry>
  <Entry id="TXT_DATA_EMAIL">
    <Language id="en">E-Mail</Language>
    <Language id="de">E-Mail</Language>
  </Entry>
  <Entry id="BTN_DATA_EDIT">
    <Language id="en">Edit Dataset</Language>
    <Language id="de">Datensatz ändern</Language>
  </Entry>
  <Entry id="DIALOG_PRINTER_DATABASE_EMPTY">
    <Language id="en">
      There is nothing to print.\nLoad a database or create a new one.
    </Language>
    <Language id="de">
      Die Datenbank ist leer, es kann nichts gedruckt werden.\nÖffnen Sie eine oder erstellen eine neue Datenbank.
    </Language>
  </Entry>
  <Entry id="DIALOG_DATABASE_SAVE_ENC">
    <Language id="en">Save encoded database</Language>
    <Language id="de">Datenbank wurde verschlüsselt gespeichert</Language>
  </Entry>
  <Entry id="MENU_FILE_CLOSE">
    <Language id="en">Close</Language>
    <Language id="de">Schließen</Language>
  </Entry>
  <Entry id="DIALOG_OPEN_FILE">
    <Language id="en">Select file</Language>
    <Language id="de">Wähle eine Datei</Language>
  </Entry>
  <Entry id="DIALOG_PWDPREFS_PWD_LEN">
    <Language id="en">Password length</Language>
    <Language id="de">Passwort Länge</Language>
  </Entry>
  <Entry id="DIALOG_DATABASE_WASNT_SAVED">
    <Language id="en">The database is new and wasn't saved before.\nSelect 'Save As' or 'Save As encrypted' in menu 'File' to save the database.</Language>
    <Language id="de">Die Datenbank ist neu erstellt oder geändert worden.\nWähle 'Speichern unter' oder 'Speichere verschlüsselt' im Menü 'Datei' um die Änderungen zu speichern.</Language>
  </Entry>
  <Entry id="DIALOG_DATABASE_ALREADY_EXIST_1">
    <Language id="en">The file</Language>
    <Language id="de">Die Datei</Language>
  </Entry>
  <Entry id="DIALOG_DATABASE_ALREADY_EXIST_2">
    <Language id="en">already exists. Do you want to overwrite it?</Language>
    <Language id="de">existiert bereits, willst Du sie überschreiben?</Language>
  </Entry>
  <Entry id="DIALOG_DATASET_COMPANY_EXIST">
    <Language id="en">The given company name already exist. Choose another.</Language>
    <Language id="de">Der Firmenname existiert bereits, vergib einen anderen.</Language>
  </Entry>
  <Entry id="MENU_FILE">
    <Language id="en">File</Language>
    <Language id="de">Datei</Language>
  </Entry>
  <Entry id="DIALOG_PWDPREFS_TITLE">
    <Language id="en">Password settings</Language>
    <Language id="de">Passwort Einstellungen</Language>
  </Entry>
  <Entry id="DIALOG_DATASET_DELETE">
    <Language id="en">Do you want to delete the dataset</Language>
    <Language id="de">Willst Du den Datensatz löschen</Language>
  </Entry>
  <Entry id="DIALOG_ERROR">
    <Language id="en">Error</Language>
    <Language id="de">Fehler</Language>
  </Entry>
  <Entry id="TOOLTIP_DATA_START_BROWSER">
    <Language id="en">Starts your internet browser with this web address.</Language>
    <Language id="de">Lädt die Webseite mit dem Standard Internet Browser.</Language>
  </Entry>
  <Entry id="DIALOG_DATABASE_SAVE_XML">
    <Language id="en">Save database as XML</Language>
    <Language id="de">Datenbank wurde als XML Datei gespeichert</Language>
  </Entry>
  <Entry id="DIALOG_PWDPREFS_REGULAR_CHARS">
    <Language id="en">Only regular special chars</Language>
    <Language id="de">Nur reguläre Sonderzeichen</Language>
  </Entry>
  <Entry id="MENU_FILE_OPEN">
    <Language id="en">Open</Language>
    <Language id="de">Öffnen</Language>
  </Entry>
  <Entry id="MENU_FILE_QUIT">
    <Language id="en">Quit</Language>
    <Language id="de">Beenden</Language>
  </Entry>
  <Entry id="TXT_DATA_COMMENT">
    <Language id="en">Comment</Language>
    <Language id="de">Kommentare</Language>
  </Entry>
  <Entry id="DIALOG_PWDPREFS_ADD_HYPHEN">
    <Language id="en">Add hyphen's</Language>
    <Language id="de">Trenne durch Bindestriche</Language>
  </Entry>
  <Entry id="DIALOG_PWDPREFS_UPPERS">
    <Language id="en">Contain upper chars</Language>
    <Language id="de">Enthält Großbuchstaben</Language>
  </Entry>
  <Entry id="TOOLTIP_DATA_COPY_EMAIL">
    <Language id="en">Copy the email address to the clipboard.</Language>
    <Language id="de">Kopiert die E-Mail Adresse in die Zwischenablage.</Language>
  </Entry>
  <Entry id="TOOLTIP_DATA_COPY_PASSWORD">
    <Language id="en">Copy the password to the clipboard.</Language>
    <Language id="de">Kopiert das Passwort in die Zwischenablage.</Language>
  </Entry>
  <Entry id="DIALOG_PWDPREFS_NUMBERS">
    <Language id="en">Contain numbers</Language>
    <Language id="de">Enthält Zahlen</Language>
  </Entry>
  <Entry id="TXT_DATA_COMPANY">
    <Language id="en">Company or website name</Language>
    <Language id="de">Firmenname oder Internetadresse</Language>
  </Entry>
  <Entry id="DIALOG_DATABASE_SAVE_CHANGED">
    <Language id="en">
      You have add or edit data, but didn't save the changes.\nWould you save it now?
    </Language>
    <Language id="de">
      Du hast Daten neu erfasst oder geändert.\nWillst Du die Datenbank jetzt speichern?
    </Language>
  </Entry>
  <Entry id="DIALOG_PASSWORD_UNLOCK_FILE">
    <Language id="en">Type in the password to unlock your file</Language>
    <Language id="de">Gib das Passwort ein, um Deine Datei zu entschlüsseln</Language>
  </Entry>
  <Entry id="TXT_DATA_PASSWORD2">
    <Language id="en">retype Password</Language>
    <Language id="de">Passwort wiederholen</Language>
  </Entry>
  <Entry id="BTN_DATA_DEL">
    <Language id="en">Delete Dataset</Language>
    <Language id="de">Datensatz löschen</Language>
  </Entry>
  <Entry id="DIALOG_ABOUT_LICENSES">
    <Language id="en">Licenses</Language>
    <Language id="de">Lizenzen</Language>
  </Entry>
  <Entry id="DIALOG_WARNING">
    <Language id="en">Warning</Language>
    <Language id="de">Warnung</Language>
  </Entry>
  <Entry id="TOOLTIP_DATA_COPY_USERNAME">
    <Language id="en">Copy the username to the clipboard.</Language>
    <Language id="de">Kopiert den Benutzernamen in die Zwischenablage.</Language>
  </Entry>
  <Entry id="DIALOG_PWDPREFS_GENERATE">
    <Language id="en">Generate Password</Language>
    <Language id="de">Passwort generieren</Language>
  </Entry>
  <Entry id="MENU_FILE_SAVE">
    <Language id="en">Save</Language>
    <Language id="de">Speichern</Language>
  </Entry>
  <Entry id="DIALOG_PASSWORD_TYPE">
    <Language id="en">Type your password</Language>
    <Language id="de">Passwort Eingabe</Language>
  </Entry>
  <Entry id="MENU_FILE_SAVE_AS_ENC">
    <Language id="en">Save as encoded</Language>
    <Language id="de">Speichere verschlüsselt</Language>
  </Entry>
  <Entry id="BTN_DATA_SAVE">
    <Language id="en">Save Dataset</Language>
    <Language id="de">Datensatz speichern</Language>
  </Entry>
  <Entry id="DIALOG_PWDPREFS_USE_PWD">
    <Language id="en">Use password</Language>
    <Language id="de">Passwort übernehmen</Language>
  </Entry>
  <Entry id="DIALOG_PWDPREFS_SPECIAL_CHARS">
    <Language id="en">Contain special chars</Language>
    <Language id="de">Enthält Sonderzeichen</Language>
  </Entry>
  <Entry id="DIALOG_PWDPREFS_STARTWITH">
    <Language id="en">Password starts with</Language>
    <Language id="de">Passwort beginnt mit</Language>
  </Entry>
  <Entry id="DIALOG_PWDPREFS_UCHAR">
    <Language id="en">upper char</Language>
    <Language id="de">Großbuchstabe</Language>
  </Entry>
  <Entry id="DIALOG_PWDPREFS_LCHAR">
    <Language id="en">lower char</Language>
    <Language id="de">Kleinbuchstabe</Language>
  </Entry>
  <Entry id="DIALOG_PWDPREFS_NUMBER">
    <Language id="en">number</Language>
    <Language id="de">Ziffer</Language>
  </Entry>
  <Entry id="DIALOG_PWDPREFS_SPECIAL">
    <Language id="en">special char</Language>
    <Language id="de">Sonderzeichen</Language>
  </Entry>
  <Entry id="DIALOG_PASSWORD_TYPE_AGAIN">
    <Language id="en">Type your password again</Language>
    <Language id="de">Passwort Eingabe wiederholen</Language>
  </Entry>
  <Entry id="MENU_HELP_ABOUT">
    <Language id="en">About</Language>
    <Language id="de">Über</Language>
  </Entry>
  <Entry id="DIALOG_ABOUT_LICENSE">
    <Language id="en">License</Language>
    <Language id="de">Lizenz</Language>
  </Entry>
  <Entry id="DIALOG_PASSWORD_LOCK_FILE">
    <Language id="en">Type in the password to lock your file</Language>
    <Language id="de">Gib ein Passwort ein, um Deine Datei zu verschlüsseln</Language>
  </Entry>
  <Entry id="DIALOG_DATASET_ERROR_COMPANY">
    <Language id="en">You must set a Company Name. Otherwise the data can't be saved.</Language>
    <Language id="de">Du musst einen Firmennamen vergeben, sonst kann der Datensatz nicht gespeichert werden.</Language>
  </Entry>
  <Entry id="TOOLTIP_DATA_GENERATE_PASSWORD">
    <Language id="en">Generate a strong password.</Language>
    <Language id="de">Erstellt ein starkes Passwort.</Language>
  </Entry>
  <Entry id="TXT_DATA_PASSWORD">
    <Language id="en">Password</Language>
    <Language id="de">Passwort</Language>
  </Entry>
  <Entry id="TOOLTIP_DATA_SHOW_PASSWORD">
    <Language id="en">Show the real password in the input boxes or show only dots.</Language>
    <Language id="de">Zeigt bzw. versteckt die Passwörter.</Language>
  </Entry>
  <Entry id="MENU_FILE_PRINT">
    <Language id="en">Print</Language>
    <Language id="de">Drucken</Language>
  </Entry>
  <Entry id="DIALOG_FILE_DIDNT_EXIST_1">
    <Language id="en">The file</Language>
    <Language id="de">Die Datei</Language>
  </Entry>
  <Entry id="DIALOG_FILE_DIDNT_EXIST_2">
    <Language id="en">didn't exist or you have insufficient rights to open it.</Language>
    <Language id="de">existiert nicht oder Sie haben nicht die nötigen Rechte um sie zu öffnen.</Language>
  </Entry>
  <Entry id="DIALOG_DONT_CHANGE_COMPANY">
    <Language id="en">You can't change the company name, if you want to do so,\nadd a new dataset with the new name.</Language>
    <Language id="de">Der Firmenname darf nicht geändert werden, wenn Sie den ändern wollen,\nlöschen Sie den Datensatz und erstellen einen neuen.</Language>
  </Entry>
  <Entry id="DIALOG_PWDPREFS_LOWERS">
    <Language id="en">Contain lower chars</Language>
    <Language id="de">Enthält Kleinbuchstaben</Language>
  </Entry>
  <Entry id="DIALOG_DATASET_PASSWORD_EXIST">
    <Language id="en">There is already a password, do you want to overwrite?</Language>
    <Language id="de">Es ist bereits ein Passwort erfasst, wollen Sie das überschreiben?</Language>
  </Entry>
  <Entry id="TXT_DATA_USERNAME">
    <Language id="en">Username</Language>
    <Language id="de">Benutzername</Language>
  </Entry>
  <Entry id="MENU_FILE_NEW">
    <Language id="en">New</Language>
    <Language id="de">Neu</Language>
  </Entry>
  <Entry id="MENU_HELP">
    <Language id="en">Help</Language>
    <Language id="de">Hilfe</Language>
  </Entry>
  <Entry id="DIALOG_ABOUT_COMPONENTS">
    <Language id="en">Components</Language>
    <Language id="de">Komponenten</Language>
  </Entry>
</Cryptor-Languages>
